"Rank","Artist","Song"
1,"Armin van Buuren feat. Susana"," Shivers "
2,"Tiësto"," Adagio For Strings "
3,"GAIA"," Tuvan "
4,"Delerium feat. Sarah McLachlan"," Silence (Tiësto’s In Search Of Sunrise Remix)"
5,"Armin van Buuren"," Communication (Part 3)"
6,"Gouryella"," Anahera "
7,"RAM"," RAMsterdam (Jorn van Deynhoven Remix)"
8,"Dash Berlin with Cerf & Mitiska & Jaren"," Man On The Run "
9,"Gareth Emery feat. Christina Novelli"," Concrete Angel "
10,"RAM & Susana"," RAMelia (Tribute To Amelia) "
11,"Above & Beyond feat. Richard Bedford"," Sun & Moon (Above & Beyond Club Mix)"
12,"Gareth Emery & STANDERWICK feat. HALIENE"," Saving Light "
13,"4 Strings"," Take Me Away (Into The Night) "
14,"Armin van Buuren feat. Justine Suissa"," Burned With Desire (Rising Star Vocal Mix)"
15,"Rank 1"," Airwave "
16,"Paul van Dyk"," For An Angel (PvD E-Werk Club Mix )"
17,"Above & Beyond pres. OceanLab"," Satellite "
18,"Motorcycle"," As The Rush Comes (Gabriel & Dresden Sweeping Strings Mix"
19,"Aly & Fila feat. Jwaydan"," We Control The Sunlight "
20,"Armin van Buuren feat. Sharon Den Adel"," In And Out Of Love "
21,"Veracocha"," Carte Blanche "
22,"Above & Beyond & Gareth Emery pres. OceanLab"," On A Good Day (Metropolis) "
23,"MaRLo & Feenixpawl"," Lighter Than Air "
24,"Dash Berlin"," Till The Sky Falls Down "
25,"Chicane feat. Maire Brennan Of Clannad"," Saltwater "
26,"Above & Beyond with Andy Moor"," Air For Life "
27,"Paul van Dyk feat. Hemstock & Jennings"," Nothing But You (PvD Club Mix)"
28,"Dash Berlin feat. Emma Hewitt"," Waiting "
29,"Roger Shah presents Sunlounger feat. Zara"," Lost (Club Mix)"
30,"GAIA"," Empire Of Hearts "
31,"Andain"," Beautiful Things (Gabriel & Dresden Unplugged Mix)"
32,"Armin van Buuren feat. Trevor Guthrie"," This Is What It Feels Like (W&W Remix)"
33,"Robert Miles"," Children (Dream Version)"
34,"Alex M.O.R.P.H. feat. Sylvia Tosun"," An Angel’s Love "
35,"Gareth Emery feat. Bo Bruce"," U (Bryan Kearney Remix)"
36,"Armin van Buuren feat. Miri Ben-Ari"," Intense "
37,"Key4050 & Plumb"," I Love You "
38,"Richard Durand & Christina Novelli"," The Air I Breathe (Club Mix)"
39,"John O’Callaghan feat. Audrey Gallagher"," Big Sky (Agnelli & Nelson Remix)"
40,"Armin van Buuren feat. Jan Vayne"," Serenity "
41,"Push"," Universal Nation "
42,"Giuseppe Ottaviani"," Through Your Eyes "
43,"Luminary"," Amsterdam (Smith & Pledger Remix)"
44,"Energy 52"," Café Del Mar ’98 (Original Three ‘N One Mix)"
45,"Aly & Fila"," It’s All About The Melody "
46,"System F"," Out Of The Blue "
47,"Gareth Emery feat. Lucy Saunders"," Sanctuary "
48,"Above & Beyond feat. Zoë Johnston"," Good For Me (Above & Beyond Club Mix)"
49,"ATB"," Ecstasy (Clubb Mix)"
50,"Tiësto"," Suburban Train "
51,"GAIA"," Status Excessu D"
52,"Paul Oakenfold"," Southern Sun (Tiësto Remix)"
53,"Push"," Strange World (2000 Remake)"
54,"Saltwater"," The Legacy (Alphazone Remix)"
55,"Above & Beyond pres. OceanLab"," Sirens Of The Sea (Above & Beyond Club Mix)"
56,"Tiësto"," Lethal Industry"
57,"Armin van Buuren"," Sail"
58,"Dash Berlin feat. Roxanne Emery"," Shelter (Photographer Remix)"
59,"Arksun"," Arisen"
60,"Ferry Corsten"," Beautiful"
61,"Tiësto feat. Kirsty Hawkshaw"," Just Be"
62,"Gouryella"," Gouryella"
63,"Above & Beyond feat. Richard Bedford"," Northern Soul"
64,"Richard Durand & Christina Novelli"," Save You"
65,"Armin van Buuren feat. Gabriel & Dresden"," Zocalo"
66,"Gareth Emery feat. Annabel"," You’ll Be OK"
67,"Bryan Kearney & Plumb"," All Over Again"
68,"Tiësto"," Traffic"
69,"Andrew Rayel"," 550 Senta (Aether Mix)"
70,"PPK"," Resurection"
71,"Binary Finary"," 1998 (Gouryella Remix)"
72,"Above & Beyond"," Can’t Sleep"
73,"Paul van Dyk feat. Second Sun"," Crush"
74,"Armin van Buuren"," Blah Blah Blah"
75,"Above & Beyond feat. Zoë Johnston"," No One On Earth (Gabriel & Dresden Remix)"
76,"Simon O’Shine"," Your Distant World"
77,"Jorn van Deynhoven"," New Horizons (ASOT 650 Anthem)"
78,"Alex M.O.R.P.H."," Walk The Edge (Alex M.O.R.P.H. B2B Woody van Eyden Mix)"
79,"Above & Beyond feat. Richard Bedford"," Thing Called Love"
80,"Reflekt feat. Delline Bass"," Need To Feel Loved (The Thrillseekers Remix)"
81,"Gouryella"," Ligaya"
82,"Ben Gold"," I’m In A State Of Trance (ASOT 750 Anthem)"
83,"Ferry Corsten feat. Betsie Larkin"," Made Of Love"
84,"Ørjan Nilsen"," Between The Rays"
85,"Armin van Buuren"," Mirage"
86,"Photographer"," Airport"
87,"Solarstone"," Seven Cities (Armin van Buuren Remix)"
88,"Giuseppe Ottaviani"," Linking People"
89,"Omnia & IRA"," The Fusion"
90,"GAIA"," J’ai Envie de Toi"
91,"Cygnus X"," Superstring (Rank 1 Remix)"
92,"Armin van Buuren vs Vini Vici feat. Hilight Tribe"," Great Spirit"
93,"Above & Beyond vs Armin van Buuren"," Show Me Love"
94,"Estiva x Ruben de Ronde"," Rainbow"
95,"Ben Gold & Sivan"," Stay (Sneijder Remix)"
96,"Aly & Fila meets Roger Shah & Susana"," Unbreakable"
97,"O’Callaghan & Kearney"," Exactly"
98,"Alex M.O.R.P.H. feat. Natalie Gioia"," The Reason (Club Mix)"
99,"Armin van Buuren"," Blue Fear"
100,"Davey Asprey"," Fallout"
101,"Dart Rayne & Yura Moonlight with Sarah Lynn"," Silhouette (Allen & Envy Remix)"
102,"Gareth Emery"," Long Way Home"
103,"Giuseppe Ottaviani"," Till The Sunrise"
104,"Simon O’Shine & Sergey Nevone"," Apprehension (Aly & Fila Mix)"
105,"Above & Beyond feat. Richard Bedford"," Alone Tonight (Above & Beyond Club Mix)"
106,"Armin van Buuren vs Shapov"," The Last Dancer"
107,"Ørjan Nilsen"," La Guitarra"
108,"Aly & Fila vs The Thrillseekers"," Es Vedra"
109,"Armin van Buuren"," I Live For That Energy (ASOT 800 Anthem)"
110,"Yuri Kane"," Right Back"
111,"Craig Connelly & Christina Novelli"," Black Hole (Jorn van Deynhoven Remix)"
112,"Armin van Buuren feat. Sophie Ellis-Bextor"," Not Giving Up On Love"
113,"William Orbit"," Barber’s Adagio For Strings (Ferry Corsten Remix)"
114,"BT"," Flaming June (BT & PvD Original Mix)"
115,"Rank 1"," L.E.D. There Be Light"
116,"Armin van Buuren"," Be In The Moment (ASOT 850 Anthem)"
117,"John O’Callaghan feat. Sarah Howells"," Find Yourself"
118,"Gouryella"," Venera (Vee’s Theme)"
119,"Armin van Buuren"," Let The Music Guide You (ASOT 950 Anthem)"
120,"Darren Tate & Jono Grant"," Shine (Let The Light Shine In)"
121,"Aly & Fila"," Beyond The Lights"
122,"Gouryella"," Surga"
123,"Armin van Buuren pres. Rising Star feat. Fiora"," Just As You Are"
124,"Above & Beyond feat. Zoë Johnston"," We’re All We Need"
125,"ATB"," 9PM (Till I Come)"
126,"Alex M.O.R.P.H. feat. Ana Criado"," Sunset Boulevard"
127,"Three Drives On A Vinyl"," Greece 2000"
128,"Aly & Fila with JES"," I Won’t Let You Fall (Uplifting Mix)"
129,"The Thrillseekers"," Synaesthesia (Ferry Corsten Remix)"
130,"Giuseppe Ottaviani"," 8k"
131,"Cosmic Gate & Emma Hewitt"," Be Your Sound"
132,"Armin van Buuren"," Coming Home"
133,"Roman Messer & Cari"," Serenity"
134,"Armin van Buuren"," Orbion"
135,"Alex M.O.R.P.H."," Running For Peace"
136,"Markus Schulz & HALIENE"," Ave Maria"
137,"ARTY & Mat Zo"," Rebound"
138,"Andrew Rayel feat. Alexandra Badoi"," Goodbye"
139,"Paul van Dyk feat. Plumb"," Music Rescues Me (PvD Club Mix)"
140,"Armin van Buuren feat. Sam Martin"," Wild Wild Son (Richard Durand Remix)"
141,"Ferry Corsten & Armin van Buuren"," Brute"
142,"Andrew Rayel"," Aeon Of Revenge"
143,"Above & Beyond"," Home (Above & Beyond Club Mix)"
144,"Allen Watts"," Arizona"
145,"Cerf, Mitiska & Jaren"," Beggin’ You (Armin van Buuren Remix)"
146,"Tiësto"," Flight 643"
147,"Salt Lake"," Rendezvous"
148,"Solarstone"," Solarcoaster"
149,"Andrew Rayel"," Dark Warrior"
150,"Armin van Buuren"," Lifting You Higher (ASOT 900 Anthem)"
151,"Bobina"," Invisible Touch (Ferry Corsten’s Touch)"
152,"Ørjan Nilsen"," Amsterdam"
153,"Above & Beyond feat. Alex Vargas"," Blue Sky Action (Above & Beyond Club Mix)"
154,"BT"," Skylarking"
155,"Tiësto"," Elements Of Life"
156,"Armin van Buuren"," Imagine"
157,"Giuseppe Ottaviani"," Panama"
158,"RAM & Susana"," Someone Like You (RAM & STANDERWICK Remix)"
159,"Armin van Buuren vs Shapov"," Our Origin"
160,"Eric Prydz"," Opus"
161,"Super8 & Tab"," Mega"
162,"Armin van Buuren feat. Christian Burns"," This Light Between Us"
163,"Above & Beyond feat. Zoë Johnston"," Reverie (Above & Beyond Club Mix)"
164,"deadmau5"," Strobe"
165,"Gouryella"," Walhalla"
166,"Armin van Buuren vs Shapov"," La Résistance De L’Amour"
167,"Darude"," Sandstorm"
168,"Ciaran McAuley & Clare Stagg"," All I Want"
169,"Shogun"," Skyfire"
170,"Sonic Inc."," Taste Of Summer (Fire & Ice Vital Remix)"
171,"Armin van Buuren feat. BT"," These Silent Hearts"
172,"Ben Gold"," The City Sleeps Tonight"
173,"RAM & Susana"," Northern Star"
174,"Gouryella"," Tenshi"
175,"Sean Tyas"," Lift"
176,"Above & Beyond"," Sun In Your Eyes"
177,"Ayumi Hamasaki"," M (Above & Beyond Vocal Mix)"
178,"Armin van Buuren feat. Fiora"," Waiting For The Night"
179,"Sebastian Brandt"," 450"
180,"Armin van Buuren"," My Symphony (The Best Of Armin Only Anthem)"
181,"ilan Bluestone with Maor Levi feat. EL Wave"," Will We Remain?"
182,"Armin van Buuren feat. Josh Cumbee"," Sunny Days (PureNRG Remix)"
183,"FUTURECODE & Roxanne Emery"," Dancing In The Rain"
184,"The Doppler Effect"," Beauty Hides In The Deep (John O’Callaghan Remix)"
185,"Ørjan Nilsen"," Violetta"
186,"Ruben de Ronde feat. EKE"," Wanderlust (Eugenio Tokarev Remix)"
187,"Armin van Buuren & MaRLo feat. Mila Josef"," This I Vow (MaRLo’s Tech Energy Mix)"
188,"W&W"," Invasion (ASOT 550 Anthem)"
189,"Armin van Buuren pres. Perpetuous Dreamer"," The Sound Of Goodbye (Armin van Buuren’s Rising Star Mix)"
190,"Above & Beyond"," Distorted Truth"
191,"Armin van Buuren pres. Rising Star feat. Alexandra Badoi"," Cosmos"
192,"Roger Shah pres. Sunlounger"," White Sand (DJ Shah’s Original Mix)"
193,"Ralphie B"," Massive"
194,"Robert Nickson"," Heliopause"
195,"Armin van Buuren"," Ping Pong"
196,"Armin van Buuren pres. Rising Star feat. Betsie Larkin"," Safe Inside You"
197,"Above & Beyond feat. Marty Longstaff"," Flying By Candlelight (Above & Beyond Club Mix)"
198,"Elevation"," Clear Blue (Intro Mix)"
199,"Armin van Buuren feat. Ana Criado"," I’ll Listen"
200,"Paul van Dyk feat. Plumb"," I Don’t Deserve You (Giuseppe Ottaviani Remix)"
201,"Alex M.O.R.P.H. & Rank 1"," Life Less Ordinary (A Less Ordinary Rank 1 Mix)"
202,"Armin van Buuren feat. Eric Vloeimans"," Embrace"
203,"Will Atkinson"," Numb The Pain"
204,"ATB"," Let U Go (Clubb Mix)"
205,"Aly & Fila with Plumb"," Somebody Loves You"
206,"Darren Porter"," Deep Blue"
207,"Armin van Buuren & DJ Shah feat. Chris Jones"," Going Wrong"
208,"Dash Berlin feat. Bo Bruce"," Coming Home (STANDERWICK Remix)"
209,"Arctic Moon feat. Shuba"," Cool In My Disaster"
210,"GAIA"," Aisha"
211,"Above & Beyond pres. OceanLab"," Sky Falls Down (Armin van Buuren Remix)"
212,"Armin van Buuren feat. Emma Hewitt"," Forever is Ours"
213,"Matt Darey pres. Urban Astronauts feat. Kate Louise Smith"," See The Sun (Dan Stone Rework)"
214,"Tiësto feat. Christian Burns"," In The Dark (First State Remix)"
215,"Cosmic Gate"," Come With Me"
216,"Armin van Buuren"," Full Focus"
217,"Yahel & Eyal Barkan"," Voyage"
218,"Roger Shah & Signum"," Healesville Sanctuary (Signum Mix)"
219,"Above & Beyond pres. OceanLab"," Clear Blue Water (Ferry Corsten Remix)"
220,"Armin van Buuren vs Tempo Giusto"," Mr. Navigator"
221,"deadmau5 & Kaskade"," I Remember"
222,"Ridgewalkers feat. El"," Find (Andy Moor Remix)"
223,"Armin van Buuren & Avian Grays feat. Jordan Shaw"," Something Real (Giuseppe Ottaviani Remix)"
224,"Mike Foyle vs Signalrunners"," Love Theme Dusk (Mike’s Broken Record Mix)"
225,"MaRLo & HALIENE"," Whisper"
226,"Above & Beyond pres. OceanLab"," Miracle (Above & Beyond Club Mix)"
227,"The Blizzard"," Kalopsia"
228,"Alt+F4"," Alt+F4"
229,"Gareth Emery feat. Wayward Daughter"," Reckless (STANDERWICK Remix)"
230,"Andrew Rayel & HALIENE"," Take All Of Me"
231,"Armin van Buuren"," Pulsar"
232,"DJ Eco & Martin Roth"," Tonight Is Forever (Martin Roth Edit)"
233,"Sasha"," Xpander"
234,"Simon Patterson"," Miss You"
235,"Cosmic Gate"," am2pm"
236,"Major League"," Wonder Where You Are? (Vocal Mix)"
237,"ATB & Dash Berlin"," Apollo Road"
238,"Max Graham feat. Ana Criado"," Nothing Else Matters (Aly & Fila Remix)"
239,"Armin van Buuren feat. Kensington"," Heading Up High (First State Remix)"
240,"System F feat. Armin van Buuren"," Exhale"
241,"Pulser"," My Religion"
242,"Markus Schulz feat. Ana Diaz"," Nothing Without Me (Beat Service Remix)"
243,"Headstrong feat. Stine Grove"," Tears (Aurosonic Progressive Mix)"
244,"Armin van Buuren & Andrew Rayel"," EIFORYA"
245,"GAIA"," Saint Vitus"
246,"Paul van Dyk feat. Vega 4"," Time Of Our Lives"
247,"Solarstone"," The Calling (Orkidea’s Piano Mix)"
248,"RAM & Alex M.O.R.P.H."," Youniverse (Grotesque 350 Anthem)"
249,"Airbase"," Escape"
250,"BT feat. JES"," Every Other Way (Armin van Buuren Remix)"
251,"Bobina"," Winter"
252,"Armin van Buuren"," Turn It Up"
253,"Cosmic Gate & Forêt"," Need To Feel Loved"
254,"Armin van Buuren feat. Racoon"," Love You More"
255,"Iio"," Rapture (Armin van Buuren Remix)"
256,"Armin van Buuren feat. Laura V"," Drowning (Avicii Remix)"
257,"Super8 & Tab"," Helsinki Scorchin’ (Alex M.O.R.P.H. Remix)"
258,"Simon O’Shine & Ahmed Romel"," L’Absente"
259,"Above & Beyond feat. Zoë Johnston"," Alchemy (Above & Beyond Club Mix)"
260,"Aly & Fila with Ferry Tayle"," Nubia"
261,"Push"," The Legacy (Club Mix)"
262,"Armin van Buuren feat. Candace Sosa"," Runaway"
263,"Goldenscan"," Halcyon (Adam Ellis Remix)"
264,"Leon Bolier"," Ocean Drive Boulevard"
265,"Rank 1 feat. Shanokee"," Such Is Life"
266,"Paul van Dyk feat. Johnny McDaid"," Home (Cosmic Gate Remix)"
267,"GAIA"," Humming The Lights"
268,"Aly & Fila"," Lost Language"
269,"Giuseppe Ottaviani feat. Lucid Blue"," I Believe"
270,"Akesson"," Perfect Blue"
271,"Aligator feat. Daniel Kandi"," The Perfect Match (Club Mix)"
272,"Airborn, Bogdan Vix & KeyPlayer feat. Alexandra Badoi"," Run Away"
273,"Jean-Michel Jarre & Armin van Buuren"," Stardust (Rising Star Remix)"
274,"Armin Van Buuren vs Rank 1 feat. Kush"," This World Is Watching Me"
275,"Giuseppe Ottaviani"," Till We Meet Again"
276,"FEEL & Alexandra Badoi"," Born To Love (Roman Messer Remix)"
277,"Armin van Buuren feat. Cindy Alma"," Beautiful Life"
278,"Paul van Dyk feat. Sue McLaren"," Lights"
279,"Elevation"," Biscayne (Lemon & Einar K Remix)"
280,"Gabriel & Dresden feat. Sub Teal"," Only Road (Cosmic Gate Remix)"
281,"Gareth Emery feat. Christina Novelli"," Save Me (John O’Callaghan Remix)"
282,"Armin van Buuren & Garibay feat. Olaf Blackwood"," I Need You (Club Mix)"
283,"Factor B feat. Cat Martin"," Crashing Over"
284,"Markus Schulz feat. Delacey"," Destiny"
285,"NWYR & Andrew Rayel"," The Melody"
286,"Rank 1"," Breathing (Airwaves) [Breaks Dub]"
287,"W&W x Vini Vici"," Chakra"
288,"Armin van Buuren"," Who’s Afraid Of 138?! (Photographer Remix)"
289,"Gabriel & Dresden feat. Molly Bancroft"," Tracking Treasure Down"
290,"Sean Tyas"," Drop"
291,"Susana feat. Omnia & The Blizzard"," Closer"
292,"Armin van Buuren feat. Ana Criado"," Suddenly Summer"
293,"Andrew Rayel feat. Jano"," How Do I Know (Club Mix)"
294,"KhoMha"," Tierra"
295,"Dogzilla"," Without You (Dogzilla Dub)"
296,"RAM feat. Stine Grove"," Forever And A Day"
297,"Armin van Buuren feat. Ray Wilson"," Yet Another Day"
298,"Craig Connelly feat. Jessica Lawrence"," How Can I (John O’Callaghan Remix)"
299,"Ferry Corsten feat. HALIENE"," Wherever You Are"
300,"Daniel Kandi pres. Timmus"," Symphonica"
301,"M.I.D.O.R. & Six4Eight"," No Man’s Land"
302,"Assaf & Cassandra Grey"," All Of You"
303,"Above & Beyond"," Is It Love? (1001)"
304,"Armin van Buuren feat. Jaren"," Unforgivable"
305,"Armin van Buuren pres. Rising Star feat. Betsie Larkin"," Again (Armin van Buuren Remix)"
306,"Above & Beyond & Seven Lions feat. Opposite The Other"," See The End"
307,"Dash Berlin feat. Emma Hewitt"," Disarm Yourself"
308,"Cerf, Mitiska & Jaren"," Light The Skies (Retrobyte’s Classic Electrobounce Mix)"
309,"Ferry Corsten"," Punk"
310,"Andrew Rayel & Bobina"," Sacramentum (Andrew Rayel Aether Mix)"
311,"Armin van Buuren feat. Jacqueline Govaert"," Never Say Never"
312,"Bryan Kearney & Christina Novelli"," By My Side"
313,"Andrew Rayel & Robbie Seed feat. That Girl"," Stars Collide"
314,"Armin van Buuren & Markus Schulz"," The Expedition (ASOT 600 Anthem)"
315,"Solarstone & Clare Stagg"," The Spell (Solarstone Pure Mix)"
316,"Dash Berlin feat. Jonathan Mendelsohn"," Better Half Of Me"
317,"Above & Beyond"," Blue Monday"
318,"GAIA"," Stellar"
319,"Solarstone & Clare Stagg"," Jewel (Pure Vocal Mix)"
320,"Above & Beyond pres. Tranquility Base"," Oceanic"
321,"DJ’s United"," Remember Love"
322,"Rank 1"," Awakening"
323,"LSG"," Netherworld (Oliver Prime Remix)"
324,"Armin van Buuren"," Rush Hour"
325,"Andy Blueman"," Sea Tides"
326,"Above & Beyond feat. Richard Bedford"," On My Way To Heaven (Above & Beyond Club Mix)"
327,"MaRLo"," Visions"
328,"Lost Tribe"," Gamemaster"
329,"BT & Adam K"," Tomahawk"
330,"Super8 & Tab feat. Julie Thompson"," My Enemy (Rank 1 Remix)"
331,"Plumb"," Need You Now (How Many Times) [Bryan Kearney Remix]"
332,"Alexander Popov & Attila Syah feat. Natalie Gioia"," Nothing Is Over"
333,"Above & Beyond feat. Zoë Johnston"," There’s Only You (Above & Beyond Club Mix)"
334,"Jorn van Deynhoven"," 101010 (The Perfect Ten)"
335,"Simon Patterson"," Taxi"
336,"Above & Beyond pres. OceanLab"," Breaking Ties (Above & Beyond Analogue Haven Mix)"
337,"Armin van Buuren"," Together (In A State Of Trance)"
338,"Andrew Bayer"," Magitek"
339,"Dash Berlin"," Never Cry Again (Jorn van Deynhoven Remix)"
340,"Armin van Buuren feat. Nadia Ali"," Feels So Good (Armin van Buuren Club Mix)"
341,"Ørjan Nilsen x Dennis Sheperd x Nifra x Estiva"," Cabin Fever (Ørjan Nilsen Club Mix)"
342,"Rex Mundi feat. Susana"," Nothing At All"
343,"Robert Nickson"," Spiral"
344,"Armin van Buuren"," Control Freak (Sander van Doorn Remix)"
345,"Chicane feat. Bryan Adams"," Don’t Give Up"
346,"Armin van Buuren vs ARTY"," Nehalennia"
347,"Armin van Buuren feat. Laura Jansen"," Sound Of The Drums"
348,"Chicane & Ferry Corsten"," One Thousand Suns"
349,"Marco V"," Simulated"
350,"Aly & Fila with Ferry Tayle"," Concorde"
351,"Vincent de Moor"," Fly Away (Cosmic Gate Remix)"
352,"Armin van Buuren feat. Bonnie McKee"," Lonely For You (ReOrder Remix)"
353,"Ferry Corsten & Ciaran McAuley"," Mo Chara"
354,"Kyau & Albert"," Made Of Sun (Kyau & Albert Hard Dub)"
355,"Nalin & Kane"," Beachball (Original Club Mix)"
356,"Alex M.O.R.P.H. feat. Natalie Gioia"," My Heaven"
357,"Chicane"," Offshore"
358,"Armin van Buuren feat. Jennifer Rene"," Fine Without You"
359,"Chicane"," Autumn Tactics (The Thrillseekers Remix)"
360,"Above & Beyond feat. Richard Bedford"," Bittersweet & Blue (Above & Beyond Club Mix)"
361,"Armin van Buuren pres. Rising Star"," Clear Blue Moon"
362,"JES"," Imagination (Will Atkinson Remix)"
363,"Aly & Fila meets Roger Shah feat. Adrina Thorpe"," Perfect Love"
364,"Armin van Buuren feat. HALIENE"," Song I Sing"
365,"Armin van Buuren feat. Mr. Probz"," Another You (Mark Sixma Remix)"
366,"Aly & Fila vs Philippe El Sisi & Omar Sherif feat. Karim Youssef"," The Chronicles (FSOE 500 Anthem)"
367,"Protoculture"," The Descent"
368,"Solarstone with Aly & Fila"," Fireisland (Aly & Fila Uplifting Mix)"
369,"Basic Dawn"," Pure Thrust (Nu NRG Remix)"
370,"8 Wonders"," The Morning After (The Thrillseekers Remix)"
371,"Galen Behr & Hydroid"," Carabella (Galen Behr & Ørjan Nilsen Remix)"
372,"Gareth Emery & Emma Hewitt"," Take Everything"
373,"Armin van Buuren feat. Sam Martin"," Miles Away"
374,"Svenson & Gielen"," Twisted"
375,"Bobina & Betsie Larkin"," You Belong To Me"
376,"Armin van Buuren"," I Don’t Own You"
377,"Cold Blue & Del Mar"," 11 Days (Sebastian Brandt Remix)"
378,"Markus Schulz vs Andy Moor"," Daydream (Lemon & Einar K Uplifting Mix)"
379,"Cosmic Gate & JES"," Fall Into You"
380,"Atlantis"," Fiji (ReOrder Remix)"
381,"Andy Blueman"," Time To Rest"
382,"Armin van Buuren feat. Lauren Evans"," Alone"
383,"Envio"," For You (The Blizzard Remix)"
384,"Lange feat. Sarah Howells"," Out Of The Sky (Kyau & Albert Remix)"
385,"Klaus Badelt"," He’s A Pirate (Tiësto Orchestral Mix)"
386,"Graham Bell & SIVAN"," The Sound Of Letting Go (Tribute To Yotam)"
387,"Wiegel Meirmans Snitker"," Nova Zembla (Armin van Buuren Remix)"
388,"Giuseppe Ottaviani"," Tranceland"
389,"Ahmed Romel"," Victory"
390,"Armin van Buuren feat. Aruna"," Won’t Let You Go (STANDERWICK Remix)"
391,"RAM & Arctic Moon with Stine Grove"," A Billion Stars Above"
392,"Luke Warner & Mat Lock"," Deep Psychosis (Daniel Kandi’s Cure Mix)"
393,"Gareth Emery"," Elise"
394,"Armin van Buuren feat. Cathy Burton"," Rain (Cosmic Gate Remix)"
395,"Armin van Buuren & W&W"," If It Ain’t Dutch"
396,"Fatum, Genix, Jaytech & Judah"," All In"
397,"Marcel Woods"," Cherry Blossom"
398,"Andrew Rayel"," Musa"
399,"2nd Phase"," Never Come Down (Norin & Rad Remix)"
400,"Armin van Buuren feat. James Newman"," Therapy (Club Mix)"
401,"Giuseppe Ottaviani"," Keep Your Dreams Alive (A Dreamstate Anthem)"
402,"The Blizzard & Omnia"," Metanoia"
403,"Orkidea"," Unity (Solarstone Pure Mix)"
404,"Armin van Buuren feat. BullySongs"," Freefall (Manse Remix)"
405,"Omnia"," CYBERPUNK"
406,"Armin van Buuren and Sunnery James & Ryan Marciano"," You Are"
407,"ilan Bluestone pres. Stoneblue feat. Emma Hewitt"," Hypnotized"
408,"Armin van Buuren & AVIRA feat. Be No Rain"," Hollow"
409,"Luke Bond feat. Roxanne Emery"," On Fire (Aly & Fila Remix)"
410,"Above & Beyond pres. OceanLab"," Lonely Girl (Gareth Emery Remix)"
411,"MaRLo feat. Jano"," Haunted"
412,"Craig Connelly feat. Roxanne Emery"," This Life"
413,"Solarstone vs Scott Bond"," 3rd Earth"
414,"Faithless"," Insomnia (Andrew Rayel Remix)"
415,"Armin van Buuren & Ørjan Nilsen"," Belter"
416,"Jonas Steur"," Castamara"
417,"16 Bit Lolitas"," Chant A Tune (Jeremy Olander Remix)"
418,"FEEL & Alexandra Badoi"," Did We Feel (Frainbreeze Progressive Dub Mix)"
419,"W&W"," Arena"
420,"Cosmic Gate & Ørjan Nilsen"," Fair Game"
421,"Armin van Buuren"," Hystereo"
422,"Jerome Isma-Ae"," Hold That Sucker Down (Charlotte de Witte Trance Remix)"
423,"Allen Watts & Steve Dekay"," Hologram"
424,"Armin van Buuren"," This Is A Test (Arkham Knights Remix)"
425,"Aly & Fila with Ahmed Romel"," Kingdoms"
426,"Darren Porter"," Terraforming"
427,"Envio"," Touched By The Sun"
428,"Eric Prydz"," Generate"
429,"Markus Schulz & Departure feat. Gabriel & Dresden"," Without You Near (Gabriel & Dresden Remix)"
430,"Denis Kenzo & Alexandra Badoi"," Lifetime Change"
431,"Andrew Rayel feat. Jonathan Mendelsohn"," One In A Million"
432,"Will Atkinson"," Telescope"
433,"XiJaro & Pitch with LightControl"," Whispers Of Time"
434,"Armin van Buuren & Alex M.O.R.P.H feat. Ana Criado pres. Triple A"," Winter Stayed (Armin van Buuren’s On The Beach Mix)"
435,"Cerf, Mitiska & Jaren"," You Never Said (Dash Berlin Remix)"
436,"Armin van Buuren & BT feat. Nation Of One"," Always"
437,"Hardwell & Armin van Buuren"," Off The Hook"
438,"Tilt"," The World Doesn’t Know"
439,"Tiësto"," Nyana"
440,"Fred Baker vs Nyram"," Confirmation"
441,"Cosmic Gate"," Exploration of Space"
442,"Alex M.O.R.P.H. & Natalie Gioia"," Dreams"
443,"Above & Beyond feat. Zoë Johnston"," My Own Hymn"
444,"System F"," Solstice"
445,"Armin van Buuren"," Stickup"
446,"Above & Beyond feat. Zoë Johnston"," You Got To Go (Kyau & Albert Remix)"
447,"Purple Haze"," Bliksem"
448,"4 Strings"," Diving (Hiver & Hammer’s Different Gear Remix)"
449,"MaRLo"," Enough Echo"
450,"Aly & Fila meets Roger Shah feat. Sylvia Tosun"," Eye 2 Eye (FSOE 350 Anthem)"
451,"Phynn"," Lucid"
452,"Ana Criado & Omnia"," No One Home"
453,"Breakfast"," The Sunlight"
454,"ARTY"," Tim"
455,"W&W"," Mainstage"
456,"Armin van Buuren vs Human Resource"," Dominator"
457,"Vast Vision feat. Fisher"," Everything (Aly & Fila Remix)"
458,"Albert Vorne"," Formentera What (Gareth Emery Remix)"
459,"ARTY"," Kate (2015 Remix)"
460,"Giuseppe Ottaviani feat. Stephen Pickup"," No More Alone"
461,"Purple Haze feat. Frederick"," Timezone"
462,"Armin van Buuren & Mark Sixma"," Panta Rhei"
463,"Andain"," Promises (Myon & Shane 54 Summer Of Love Mix)"
464,"Tiësto pres. Allure feat. Julie Thompson"," Somewhere Inside (Andy Duguid Remix)"
465,"Moogwai"," Viola (Armin van Buuren Remix)"
466,"Armin van Buuren"," Save My Night"
467,"VER:WEST"," 5 Seconds Before Sunrise"
468,"Zedd"," Spectrum (Armin van Buuren Remix)"
469,"The Thrillseekers pres. Hydra"," Amber"
470,"First State feat. Anita Kelsey"," Falling"
471,"Above & Beyond & Spencer Brown feat. RBBTS"," Long Way From Home"
472,"Insigma"," Open Our Eyes (Insigma Mix)"
473,"Aly & Fila"," Rebirth (Ahmed Romel Remix)"
474,"Gareth Emery"," Sansa"
475,"Bogdan Vix & Renee Stahl"," Forever"
476,"Solarstone"," Touchstone (Aly & Fila Remix)"
477,"Armin van Buuren"," We Are Here To Make Some Noise"
478,"Quench"," Dreams (Nicholson’s Cathedral Remix)"
479,"Jonas Steur feat. Jennifer Rene"," Fall To Pieces"
480,"Solid Sessions"," Janeiro (Armin van Buuren Remix)"
481,"3rd Moon"," Monsun"
482,"Ferry Corsten"," Sweet Sorrow (The Thrillseekers Remix)"
483,"Nic Chagall feat. Jonathan Mendelsohn"," This Moment (Prog Mix)"
484,"Armin van Buuren & W&W"," D# Fat"
485,"Paul Webster feat. Angelic Amanda"," Time (Sean Tyas Dub Mix)"
486,"Max Graham feat. Neev Kennedy"," So Caught Up"
487,"Armin van Buuren feat. Susana"," If You Should Go"
488,"Conjure One feat. Sinead O’Connor"," Tears From The Moon (Tiësto’s In Search Of Sunrise Remix)"
489,"Ruben de Ronde & HALIENE"," The Hardest Part"
490,"Andrew Rayel & Jwaydan"," Until The End"
491,"Gareth Emery feat. Gavrielle"," Far From Home (Craig Connelly Remix)"
492,"Above & Beyond feat. Richard Bedford"," Black Room Boy (Above & Beyond Club Mix)"
493,"Mark Otten"," Mushroom Therapy (Armin van Buuren Remix)"
494,"Paul van Dyk, Starkillers & Austin Leeds feat. Ashley Tomberlin"," New York City"
495,"Blank & Jones"," The Nightfly"
496,"Ben Gold & Audrey Gallagher"," There Will Be Angels"
497,"Above & Beyond pres. OceanLab"," Another Chance (Above & Beyond Club Mix)"
498,"NWYR"," Dragon"
499,"York"," The Reachers Of Civilisation"
500,"Dennis Sheperd & Cold Blue feat. Ana Criado"," Fallen Angel"
501,"Lange feat. The Morrighan"," Follow Me (Lange’s Club Mix)"
502,"Armin van Buuren feat. Audrey Gallagher"," Hold On To Me"
503,"Ahmed Romel & Simon O’Shine"," Love Potion (Aly & Fila Rework)"
504,"Andrew Rayel & Emma Hewitt"," My Reflection"
505,"Afternova"," Serenity (Andy Blueman Remix)"
506,"Dart Rayne & Yura Moonlight and Katty Heath"," Stole The Sun (Allen & Envy Remix)"
507,"Michael Dow"," Ascent"
508,"Ayla"," Ayla (Ben Nicky & Luke Bond Remix)"
509,"Omnia feat. Everything By Electricity"," Bones"
510,"Armin van Buuren feat. VanVelzen"," Broken Tonight (Alex M.O.R.P.H. Remix)"
511,"Chris Lake feat. Emma Hewitt"," Carry Me Away"
512,"Above & Beyond"," Hello"
513,"Sean Tyas pres. Logistic"," One More Night Out"
514,"Driftmoon & Andy Blueman feat. DSharp"," Exodus"
515,"Omnia feat. Tilde"," For The First Time (Ben Gold Remix)"
516,"Airscape"," L’Esperanza (Armin van Buuren pres. Rising Star Remix)"
517,"Gareth Emery & Ashley Wallbridge feat. PollyAnna"," Lionheart"
518,"Marcel Woods"," Advanced"
519,"Above & Beyond feat. Zoë Johnston"," Peace Of Mind"
520,"Safri Duo"," Played A Live (The Bongo Song) [NWYR & Willem de Roo Remix]"
521,"Above & Beyond pres. Tranquility Base"," Surrender"
522,"Super8 & Tab"," Elektra"
523,"Cosmic Gate"," Fire Wire (Club Mix)"
524,"Jorn van Deynhoven"," Headliner"
525,"Agnelli & Nelson feat. Aureus"," Holding On To Nothing"
526,"Ohmna feat. Nurlaila"," Key Of Life (MarLo Remix)"
527,"Denis Kenzo feat. Sveta B"," Lullaby Lonely (Progressive Mix)"
528,"Airbase"," Modus Operandi"
529,"Gouryella"," Neba"
530,"Kensington"," Sorry (Armin van Buuren Remix)"
531,"Sean Callery"," The Longest Day (Armin van Buuren Remix)"
532,"Members Of Mayday"," 10 In 01 (Paul van Dyk Remix)"
533,"ilan Bluestone feat. Giuseppe de Luca"," Bigger Than Love"
534,"Nu NRG"," Dreamland"
535,"Armin van Buuren & Garibay"," Phone Down (Jorn van Deynhoven Remix)"
536,"Ruben de Ronde & Elevven feat. Lara"," Shadow Of Us (Electronic Family 2019 Anthem)"
537,"John O’Callaghan"," Stresstest (John Askew Remix)"
538,"Chakra"," Home (Above & Beyond Remix)"
539,"Roger Shah pres. Sunlounger feat. Zara Taylor"," Try To Be Love (Roger Shah Naughty Love Mix)"
540,"Mark Sixma"," Character"
541,"Armin van Buuren feat. Ana Criado"," Down To Love (Kyau & Albert Remix)"
542,"Tillmann Uhrmacher"," On The Run (Ocean To Shore Club Extended)"
543,"Inertia"," The Chamber"
544,"Deadmau5 feat. Chris James"," The Veldt"
545,"Ashley Wallbridge"," Vision"
546,"Armin van Buuren pres. Rising Star"," Touch Me"
547,"Alex M.O.R.P.H. & Protoculture"," Waking Up The Stars"
548,"Daniel Kandi"," Child"
549,"Electrovoya"," Effervesce"
550,"Dogzilla"," Dogzilla (Simon Patterson & Richie Kayvan Mix)"
551,"Markus Schulz & Lachi"," Far (Fisherman Festival Mix)"
552,"Ørjan Nilsen"," Legions"
553,"The Noble Six"," Firewalker"
554,"Beatsole"," Before I Wake"
555,"Airwave"," Alone In The Dark"
556,"Gareth Emery"," Laserface 01 (Aperture)"
557,"Ørjan Nilsen"," Lovers Lane"
558,"ARTY, Nadia Ali & BT"," Must Be The Love"
559,"Markus Schulz"," Remember This"
560,"Andain"," Summer Calling (Airwave Club Mix)"
561,"ARTY"," Zara"
562,"Jono Grant vs Mike Koglin"," Circuits"
563,"Sarah McLachlan"," Fallen (Gabriel & Dresden Anti-Gravity Mix)"
564,"Dash Berlin feat. Christina Novelli"," Jar Of Hearts (Club Mix)"
565,"Mike Foyle"," Pandora (The Blizzard Remix)"
566,"Freefall feat. Jan Johnston"," Skydive"
567,"Artento Divini vs Davey Asprey"," A.D.D.A."
568,"ALPHA 9"," Come Home"
569,"Above & Beyond feat. Gemma Hayes"," Counting Down The Days (Above & Beyond Club Mix)"
570,"Arnej"," They Always Come Back"
571,"Jan Johnston"," Flesh (Tiësto Remix)"
572,"Aly & Fila feat. Karim Youssef"," Laily (Photographer Remix)"
573,"Airwave vs Rising Star"," Sunspot (DCML Mix)"
574,"Tenishia"," Always Loved, Never Forgotten (The Day Will Come)"
575,"Giuseppe Ottaviani & Marc van Linden"," Until Monday"
576,"Jorn van Deynhoven & Christina Novelli"," Waiting On The Other Side (Club Mix)"
577,"Above & Beyond"," Another Angel"
578,"Marco V"," Godd"
579,"Allen Watts"," Blackout"
580,"Tim Berg"," Bromance (Avicii’s Arena Mix)"
581,"GTR"," Mistral"
582,"Susana"," Only Summer Knows"
583,"Masters & Nickson feat. Justine Suissa"," Out There (Robert Nickson 2016 Remix)"
584,"Ascension"," Someone (Giuseppe Ottaviani Remix)"
585,"Jorn van Deynhoven"," Spotlight"
586,"Denis Kenzo feat. Sveta B"," Sunshine Blue"
587,"The Age Of Love"," The Age Of Love (Watch Out For Stella Mix)"
588,"Kyau & Albert"," What It Takes"
589,"Super8"," Alba"
590,"Above & Beyond"," Anjunafamily"
591,"Paul van Dyk"," Another Way (Club Mix)"
592,"A.R.D.I."," Beyond The Time"
593,"Andrew Rayel"," Epiphany"
594,"Bryan Kearney & Deirdre McLaughlin"," Open My Mind"
595,"Ruben de Ronde"," Forever In Our Hearts (Spotlighted by Jorn van Deynhoven)"
596,"Primer"," Everlast"
597,"Gareth Emery"," Exposure"
598,"Armin van Buuren"," Face To Face"
599,"Paul van Dyk & Aly & Fila feat. Sue McLaren"," Guardian"
600,"Above & Beyond feat. Richard Bedford"," Happiness Amplified (Above & Beyond Club Mix)"
601,"Ørjan Nilsen"," Iconic"
602,"Armin van Buuren"," Old Skool"
603,"Protoculture"," Pegasus"
604,"Mike Foyle"," Shipwrecked (John O’Callaghan vs Mike Foyle Remix)"
605,"Mike Koglin & DJ Uto"," Yoake"
606,"Hardwell"," Spaceman"
607,"Karen Overton"," Your Loving Arms (Club Mix)"
608,"Darren Porter"," Spellbound"
609,"MaRLo feat. Roxanne Emery"," A Thousand Seas"
610,"Denis Kenzo & Sarah Lynn"," Ashes"
611,"Cosmic Gate feat. Emma Hewitt"," Not Enough Time (Club Mix)"
612,"Monolink"," Return To Oz (ARTBAT Remix)"
613,"Carrie Skipper"," Time Goes By (Super8 Deep Mix)"
614,"Mark Otten"," Tranquility"
615,"Faithless"," We Come 1 2.0 (Armin van Buuren Remix)"
616,"GAIA"," 4 Elements"
617,"Andrew Rayel"," Aether"
618,"Lange vs Gareth Emery"," Another You Another Me"
619,"Andy Blueman"," Florescence (Epic Mix)"
620,"Armin van Buuren feat. Cathy Burton"," I Surrender"
621,"Mauro Picotto"," Lizard (Cosmic Gate Remix)"
622,"Allen Watts & Christina Novelli"," My Gravity"
623,"Andrew Bayer feat. Alison May"," Open End Resource (In My Next Life Mix)"
624,"Gareth Emery & Ben Gold"," Until We Meet Again"
625,"Andy Duguid feat. Leah"," Wasted"
626,"Jochen Miller"," Brace Yourself"
627,"4 Strings"," Catch A Fall (Club Mix)"
628,"Armin van Buuren & Cosmic Gate"," Embargo"
629,"Matt Darey pres. Li Kwan"," Point Zero (Matt Darey & Carlos Martz Remix)"
630,"MaRLo feat. Jano"," The Dreamers"
631,"Alex M.O.R.P.H & Paul van Dyk"," We Are"
632,"Way Out West feat. Tricia Lee Kelshall"," Mindcircus (Gabriel & Dresden’s Club Mix)"
633,"The Thrillseekers pres. Hydra"," Affinity"
634,"Gabriel & Dresden"," Arcadia"
635,"Ilse de Lange"," The Great Escape (Armin van Buuren Remix)"
636,"Adam White feat. Martin Grech"," Ballerina"
637,"Blank & Jones feat. Elles"," Mind Of The Wonderful (Hiver & Hammer Remix)"
638,"Agnelli & Nelson"," El Niño"
639,"GAIA"," Inyathi"
640,"Armin van Buuren feat. Richard Bedford"," Love Never Came"
641,"Ultra Shock"," The Sound Of E (Jorn van Deynhoven Remix)"
642,"Simon O’Shine"," Wuthering Heights"
643,"Eco"," A Million Sounds, A Thousand Smiles"
644,"Roger Shah pres. Sunlounger"," Another Day On The Terrace (Club Mix)"
645,"Nifra"," Dark Harbour"
646,"Andrew Rayel & Olivia Sebastianelli"," Everything Everything"
647,"Bedrock"," Heaven Scent"
648,"Heatbeat"," Paradise Garage (Piano Mix)"
649,"Tenishia feat. Tiff Lacey"," Burning From The Inside"
650,"PRAANA x Matt Fax with HALIENE"," Kaleidoscope"
651,"Sander van Doorn feat. Carol Lee"," Love Is Darkness"
652,"Roman Messer feat. Roxanne Emery"," Lullaby"
653,"Giuseppe Ottaviani & Ferry Corsten"," Magenta"
654,"Cygnus X"," The Orange Theme (Moonman’s Orange Juice Mix)"
655,"Zoo Brazil feat. Leah"," You Can Have It All (George Acosta Remix)"
656,"Jorn van Deynhoven"," We Can Fly"
657,"Cressida"," 6AM (Kyau & Albert Update)"
658,"Ben Gold"," Where Life Takes Us"
659,"Fabio XB & Ronnie Play feat. Gabriel Cage"," Inside of You (Cosmic Gate Remix)"
660,"Ørjan Nilsen"," Arctic Globe"
661,"Zedd feat. Foxes"," Clarity (Andrew Rayel Remix)"
662,"Aly & Fila vs Jwaydan"," Coming Home"
663,"HALIENE"," Dream In Color (Ruben de Ronde Remix)"
664,"Kamaya Painters"," Far From Over"
665,"Jon O’Bir feat. Fisher"," Found A Way (Joint Operations Centre Remix)"
666,"GAIA"," In Principio"
667,"Super8 & Tab"," Irufushi"
668,"Denis Kenzo & Alexandra Badoi"," More Time"
669,"DuMonde"," Never Look Back"
670,"Perry O’Neil"," Wave Force"
671,"System F & Saskia Lie-Atjam"," Cry"
672,"Aria"," Dido (Armin van Buuren’s Universal Religion Mix)"
673,"Ruben de Ronde & Jessika Dawn"," Escape"
674,"Photographer & Susana"," Find A Way"
675,"Simon Patterson feat. Sarah Howells"," Dissolve"
676,"Andrew Rayel"," Light Side Of The Harmony (FYH 200 Anthem)"
677,"W&W"," Moscow"
678,"Dimitri Vegas & Like Mike x Armin van Buuren x W&W"," Repeat After Me"
679,"Ana Criado"," Still There’s You (A.R.D.I. Remix)"
680,"A.R.D.I. & Cari"," These Words"
681,"Aalto"," 5"
682,"Carl B"," All Day"
683,"Filo & Peri feat. Eric Lumiere"," Anthem"
684,"7 Skies & Static Blue"," Central Park"
685,"Lange feat. Skye"," Drifting Away (Lange’s Sunset Mix)"
686,"Solid Globe"," North Pole"
687,"Zirenz"," Edge Of Space (Whiteroom Remix)"
688,"Ferry Corsten"," Eternity (Arkham Knights Remix)"
689,"Simon Patterson & Magnus"," Evoke"
690,"Giuseppe Ottaviani"," Follow The White Rabbit"
691,"Lost Witness"," Happiness Happening (Lange Remix)"
692,"Maarten de Jong & Allen Watts"," Hatseflats"
693,"Armin van Buuren"," Last Stop Before Heaven"
694,"Glenn Morrison"," Contact"
695,"Chris Schweizer"," Near The End"
696,"Active Sight"," Out Of Our Lives"
697,"Alexander Popov"," Lost Language"
698,"Peter Martin pres. Anthanasia"," Perfect Wave"
699,"Andy Moor feat. Carrie Skipper"," She Moves"
700,"First State"," Sierra Nevada"
701,"DRYM & Jennifer Rene"," Smile"
702,"James Dymond & Chris Schweizer"," Spectrum"
703,"Fragma"," Toca Me (Inpetto 2008 Mix)"
704,"Armin van Buuren feat. Victoria Horn"," Wait For You (Song For The Ocean)"
705,"ReOrder feat. Bo Bruce"," We Are The World"
706,"DJ Shah feat. Adrina Thorpe"," Back To You (Aly & Fila Remix)"
707,"ATB & Andrew Rayel"," Connected"
708,"Gareth Emery & Ashley Wallbridge pres. CVNT5"," CVNT5"
709,"Dutch Force"," Deadline"
710,"Claudia Cazacu feat. Audrey Gallagher"," Freefalling"
711,"Parker & Hanson"," Gravity"
712,"London Grammar"," Hey Now (ARTY Remix)"
713,"Andrew Rayel feat. Lola Blanc"," Horizon"
714,"Randy Katana"," In Silence (Txitxarro Mix)"
715,"Airwave"," Ladyblue (1992 Flight)"
716,"Armin van Buuren vs Alexander Popov"," Popcorn"
717,"Craig Connelly & Cate Kanell"," Shipwreck"
718,"Aly & Fila with Deirdre McLaughlin"," Gravity"
719,"Fatum, Genix, Jaytech & Judah"," We’re All In This Together (Above & Beyond Respray)"
720,"Plastic Boy"," Silver Bath"
721,"Max Graham feat. Neev Kennedy"," Sun In The Winter (Alex M.O.R.P.H. Remix)"
722,"Alexander Popov"," Revolution In You (Main Mix)"
723,"Andy Moor vs Orkidea"," YearZero (Andy Moor’s First Light Mix)"
724,"Aly & Fila x Luke Bond & Audrey Gallagher"," Million Voices"
725,"Eco"," And We Flew Away"
726,"Fisherman & Hawkins"," Apache"
727,"GAIA"," Crossfire"
728,"Andrew Rayel"," Dark Side Of The Harmony (FYH 200 Anthem)"
729,"Andy Moor"," Fake Awake (The Blizzard Remix)"
730,"Cosmic Gate & Eric Lumiere"," Falling Back"
731,"ReOrder & STANDERWICK pres. SkyPatrol"," Folding Your Universe"
732,"Ruben de Ronde & Louise Rademakers"," Games (Giuseppe Ottaviani Remix)"
733,"Jeremy Vancaulart feat. Danyka Nadeau"," Hurt"
734,"MaRLo feat. Chloe"," You And Me"
735,"Way Out West"," Killa (Orkidea Remix)"
736,"Ørjan Nilsen"," The Late Anthem (Way Too Late Mix)"
737,"W&W"," Lift Off!"
738,"Gareth Emery feat. Janet Devlin"," Lost"
739,"Sebastian Brandt"," Mana"
740,"Gareth Emery"," Mezzanine"
741,"Andrew Bayer"," Once Lydian"
742,"Cosmic Gate & Arnej"," Sometimes They Come Back For More"
743,"4 Strings"," Sunrise"
744,"Envio"," Time To Say Goodbye (Passiva Remix)"
745,"Push"," Till We Meet Again"
746,"Markus Schulz"," The New World"
747,"Joop"," The Future"
748,"Riva"," Time Is The Healer (Armin van Buuren Dub)"
749,"Solarstone"," 4Ever (Pure Retouch)"
750,"Ferry Corsten & Paul Oakenfold"," A Slice Of Heaven"
751,"Above & Beyond"," Anjunabeach (Jerome Isma-Ae Remix)"
752,"The Thrillseekers feat. Stine Grove"," Anywhere With You (Solarstone Pure Mix)"
753,"Purple Haze"," Bergen"
754,"Armin van Buuren feat. Fiora"," Breathe In Deep"
755,"Simon Patterson"," Brush Strokes"
756,"Ben Nicky & STANDERWICK"," Drop"
757,"Armin van Buuren feat. System F"," From The Heart"
758,"Ruben de Ronde & Roxanne Emery"," Gold (Richard Durand Remix)"
759,"Nuera"," Green Cape Sunset"
760,"Hammer & Bennett"," Language (Santiago Nino Dub Tech Mix)"
761,"DJ Eco"," Lost Angeles (Breakfast Remix)"
762,"Aly & Fila with Ferry Tayle"," Napoleon"
763,"Alex M.O.R.P.H."," Not All Superheroes Wear Capes"
764,"John O’Callaghan feat. Josie"," Out Of Nowhere (Stoneface & Terminal Remix)"
765,"Markus Schulz feat. Justine Suissa"," Perception"
766,"Kirsty Hawkshaw meets Tenishia"," Outsiders (Cosmic Gate Remix)"
767,"Super8 & Tab"," Suru"
768,"Coast To Coast feat. Discovery"," Home"
769,"Stoneface & Terminal"," Venus"
770,"Antillas feat. Fiora"," Damaged (Main Mix)"
771,"Jase Thirlwall feat. Victoriya"," Dust"
772,"Roman Messer feat. Christina Novelli"," Fireflies (Jorn van Deynhoven Remix)"
773,"Synergy"," Hello Strings"
774,"Simon Patterson feat. Lucy Pullin"," Fall For You"
775,"Jochen Miller"," Lost Connection"
776,"Kyau & Albert"," Memory Lane"
777,"Art Of Trance"," Madagascar (Ferry Corsten Remix)"
778,"Holden & Thompson"," Nothing (93 Returning Mix)"
779,"Aalto"," Rush (Super8 vs Orkidea Remix)"
780,"Three Drives"," Sunset On Ibiza"
781,"The Thrillseekers feat. Fisher"," The Last Time (Club Mix)"
782,"Solarstone & Robert Nickson"," Voyager II"
783,"Audien"," Wayfarer"
784,"Chicane"," What Am I Doing Here? (Part 1) [Walsh & McAuley Remix]"
785,"Gareth Emery & Ashley Wallbridge"," Amber Sun"
786,"Fisherman & Hawkins and Gal Abutbul"," United"
787,"Kyau & Albert"," Velvet Morning (Mirco de Govia Remix)"
788,"Super8"," Get Off"
789,"Driftmoon"," Howl At The Moon (Solarstone Retouch)"
790,"Fragile feat. Alex Lemon"," Inertia (Armin van Buuren Remix)"
791,"MaRLo feat. Emma Chatt"," Leave My Hand"
792,"Dimension"," Mangata"
793,"Aly & Fila"," Mesca Beach"
794,"John O’Callaghan feat. Lo-Fi Sugar"," Never Fade Away (Andy Duguid Remix)"
795,"Simon Patterson feat. Lucy Pullin"," Now I Can Breathe Again"
796,"Ali Wilson"," Pandora"
797,"K90"," Red Snapper (Allen Watts Remix)"
798,"Arctic Quest"," Renaissance"
799,"Solid Globe"," Sahara"
800,"Shogun feat. Emma Lock"," Save Me"
801,"Agnelli & Nelson"," Shiver (John O’Callaghan Remix)"
802,"Ørjan Nilsen"," So Long Radio"
803,"Cosmic Gate"," The Wave 2.0"
804,"ilan Bluestone feat. EL Waves"," We Are The Universe"
805,"Andy Duguid feat. Jaren"," 7even"
806,"Cosmic Gate feat. Denise Rivera"," Body Of Conflict (Cosmic Gate Club Mix)"
807,"Markus Schulz"," Do You Dream (Uplifting Vocal Mix)"
808,"BT feat. Kirsty Hawkshaw"," Dreaming"
809,"Gareth Emery feat. Evan Henzi"," Call To Arms (Cosmic Gate Remix)"
810,"Abstract Vision & Elite Electronic"," Conqueror"
811,"Ferry Corsten"," Feel It!"
812,"Mike Foyle"," Firefly"
813,"A & Z with Leolani"," Fleeting Moments"
814,"Daniel Kandi & Ferry Tayle"," Flying Blue"
815,"Aly & Fila with Jaren"," For All Time"
816,"Sander van Doorn"," Riff"
817,"Ralphie B"," Icarus"
818,"Andrew Rayel & HALIENE"," In The Dark"
819,"Humate"," Love Stimulation (Paul van Dyk’s Love-Club-Mix)"
820,"ilan Bluestone feat. EL Waves"," Mama Africa"
821,"Simon O’Shine & Adam Navel"," Marathon (Simon O’Shine Mix)"
822,"Gareth Emery"," More Than Anything (Stoneface & Terminal Remix)"
823,"Armin van Buuren feat. Christian Burns & Bagga Bownz"," Neon Hero"
824,"Giuseppe Ottaviani & Sue McLaren"," Not One Goodbye"
825,"Dimension"," Origami"
826,"Armin van Buuren"," Precious"
827,"Bart Claessen"," Playmo (1st Play)"
828,"The Space Brothers"," Shine (Jorn van Deynhoven Remix)"
829,"Ashley Wallbridge feat. Evan Henzi"," Still Alive"
830,"3LAU feat. XIRA"," Tokyo (Fatum Remix)"
831,"Andrew Rayel & David Gravell"," Trance ReBorn (FYH 100 Anthem)"
832,"Laura Jansen"," Use Somebody (Armin van Buuren Rework)"
833,"Above & Beyond"," Walter White"
834,"Hazem Beltagui & Allan V"," We Are"
835,"Kamaya Painters"," Endless Wave"
836,"Allen Watts feat. Gid Sedgwick"," Another You"
837,"Sebastian Brandt"," Ashes"
838,"Above & Beyond pres. OceanLab"," Beautiful Together (Signum Remix)"
839,"Ferry Corsten"," Blueprint"
840,"Sodality"," Challenger"
841,"Astrix"," Deep Jungle Walk"
842,"ALPHA 9"," Dreams"
843,"Arisen Flame"," Explorer"
844,"Easton feat. Roxanne Emery"," Healing Rain (Bryan Kearney Remix)"
845,"Aly & Fila with Sue McLaren"," Surrender"
846,"Emma Hewitt"," Colours (Armin van Buuren Remix)"
847,"Gareth Emery & Ashley Wallbridge"," Kingdom United"
848,"Frank T.R.A.X."," Nebuchan (Radion6 Remix)"
849,"Heatbeat"," Geek Love (Peter Martijn Wijnia Remix)"
850,"Björn Åkesson"," Painting Pyramids"
851,"Cass & Slide"," Perception (Vocal Mix)"
852,"Aly & Fila"," Sands Of Time (FSOE 600 Anthem)"
853,"Tinlicker"," Sleepwalker"
854,"Carl B"," Social Suicide"
855,"Full Tilt feat. Deirdre McLaughlin"," Surrender (Sneijder vs John O’Callaghan Remix)"
856,"Vini Vici"," The Tribe"
857,"Luke Bond"," U"
858,"Airborn, Claudiu Adam & Alexandra Badoi"," If Only"
859,"Airwave"," When Things Go Wrong"
860,"Above & Beyond"," World On Fire"
861,"Simon Patterson feat. Lucy Pullin"," Blink"
862,"Tenishia"," Where Do We Begin (Andrew Rayel Remix)"
863,"ARTY x NK"," Who Am I"
864,"Nu NRG"," Freefall"
865,"ilan Bluestone & Giuseppe de Luca"," Frozen Ground"
866,"Above & Beyond feat. Justine Suissa"," Alright Now (Above & Beyond Club Mix)"
867,"Jorn van Deynhoven"," Freaks (Festival Mix)"
868,"Dash Berlin feat. Sarah Howells"," Go It Alone"
869,"Above & Beyond feat. Zoë Johnston"," Always (Above & Beyond Club Mix)"
870,"Ferry Corsten"," Drum’s A Weapon"
871,"Photographer"," Night Lights"
872,"Paul van Dyk"," Duality"
873,"Andy Blueman"," Everlasting (Emotional Mix)"
874,"Aly & Fila"," Eye Of Horus (Ronski Speed Remix)"
875,"Allen Watts"," Gravity"
876,"Cathy Burton & Omnia"," Hearts Connected"
877,"Omnia"," Hold Me"
878,"Fabio XB & Andrea Mazza"," Light To Lies (Giuseppe Ottaviani Mix)"
879,"Eximinds & Whiteout"," Lacrimosa"
880,"Tiësto feat. BT"," Love Comes Again (Mark Norman Remix)"
881,"Sean Tyas"," Melbourne"
882,"BT"," Mercury And Solace (BT 12"" Mastermix)"
883,"Monogato"," Miami Vibe (Omnia Remix)"
884,"Swedish House Mafia"," One"
885,"Myon feat. Alissa Feudo"," Perfect Ghost"
886,"The Blizzard"," Piercing The Fog"
887,"Niels van Gogh"," Pulverturm"
888,"Roman Messer & FEEL"," Reflection"
889,"Aly & Fila with SkyPatrol feat. Sue Mclaren"," Running"
890,"Armin van Buuren feat. Winter Kills"," Take A Moment (Alex M.O.R.P.H. Remix)"
891,"Orjan Nilsen"," Mafioso"
892,"Armin van Buuren and Super8 & Tab"," Leka"
893,"Cosmic Gate & Andrew Bayer"," The Launch"
894,"Andy Moor & Adam White pres. Whiteroom"," The Whiteroom"
895,"Signalrunners feat. Julie Thompson"," These Shoulders (Club Mix)"
896,"Shane"," Too Late To Turn (Armin van Buuren Remix)"
897,"Thomas Bronzwaer"," Shadow World"
898,"Factor B"," We Rise Again"
899,"Luigi Lusini"," Who We Are"
900,"Dash Berlin feat. Jonathan Mendelsohn"," World Falls Apart"
901,"Lemon & Einar K"," Anticipation"
902,"Elysian"," Beyond The Comfort Zone"
903,"Maarten de Jong & Allen Watts"," Caffeine"
904,"Yahel & Tammy"," Cloud 9 (ORAW Remix)"
905,"Giuseppe Ottaviani"," Colours"
906,"Avao"," Cosmic Order"
907,"Super8 & Tab"," Cosmo"
908,"Tiësto feat. Maxi Jazz"," Dance4Life"
909,"Tiësto feat. JES"," Everything (STANDERWICK Remix)"
910,"Roger Shah pres. Sunlounger feat. Zara Taylor"," Found"
911,"Sunset Bros. x Mark McCabe"," I’m Feeling It (In The Air) [MaRLo Remix]"
912,"Andy Moor & Ashley Wallbridge feat. Meighan Nealon"," Faces"
913,"Andrew Bayer & Matt Lange feat. Kerry Leva"," In And Out Of Phase (Club Edit)"
914,"Andrew Rayel"," Latifa"
915,"Assaf & Cassandra Grey"," Lost At Sea"
916,"Emma Hewitt"," Miss You Paradise (Shogun Remix)"
917,"Vini Vici & Jean Marie feat. Hilight Tribe"," Moyoni"
918,"deadmau5"," Not Exactly"
919,"Andrew Bayer feat. Alison May"," Immortal Lover (In My Next Life Mix)"
920,"Protoculture"," Perpetual Motion"
921,"Eric Prydz"," Pjanoo"
922,"Space RockerZ & Tania Zygar"," Puzzle Piece (Daniel Heatcliff’s Farewell Remix)"
923,"Airscape"," Sosei (F&W Remix)"
924,"Denis Kenzo feat. Sveta B."," Sweet Lie"
925,"John O’Callaghan & Cold Blue"," Symmetric"
926,"Solarstone"," Thank You"
927,"Sensation"," The Anthem 2003"
928,"Ernesto vs Bastian"," Darkside Of The Moon"
929,"Goldenscan"," Sunrise (Tiësto Remix)"
930,"Tenishia & Ruben de Ronde"," Marsascala (Alexander Popov Remix)"
931,"Omnia"," The Light"
932,"Tiësto pres. Allure"," The Love We Lost"
933,"Ferry Corsten"," Twice In A Blue Moon"
934,"Will Atkinson"," Victims"
935,"Tiësto & Hardwell"," Zero 76"
936,"Arctic Moon"," Adelaide"
937,"Super8 & Tab feat. Anton Sonin"," Black Is The New Yellow"
938,"Aly & Fila with HALIENE"," Breathe Us To Life (Monoverse Remix)"
939,"Hardwell"," Eclipse"
940,"Selu Vibra"," Stargazing"
941,"Ferry Corsten feat. Simon Le Bon"," Fire"
942,"Giuseppe Ottaviani & Kyler England"," Firefly (Omnia Remix)"
943,"Probspot"," Foreplay"
944,"Kristian Nairn & Ferry Corsten"," Galaxia"
945,"Bart Claessen"," Hartseer"
946,"Christina Novelli"," I’m Ok (Allen Watts Remix)"
947,"Kyau & Albert vs Marc Marberg"," Megashira"
948,"Aly & Fila feat. Sue McLaren"," Mysteries Unfold (Uplifting Mix)"
949,"Mat Zo"," Near The End"
950,"Jody Wisternoff feat. Sian Evans"," The Bridge (Chicane Rework)"
951,"Hilight Tribe"," Free Tibet (Vini Vici Remix)"
952,"Paul van Dyk feat. ARTY"," The Ocean"
953,"Above & Beyond"," Red Rocks"
954,"Super8 & Tab feat. Jan Burton"," Black Is Back (Classic Vocal Mix)"
955,"Josh Gabriel pres. Winter Kills"," Deep Down"
956,"Christina Novelli"," Beautiful Life (Craig Connelly Remix)"
957,"Ferry Corsten"," Radio Crash"
958,"Vincent de Moor"," Sunflower (VDM’s Rework)"
959,"Breakfast"," Remember"
960,"Filterheadz"," Yimanya"
961,"Ramin Djawadi"," Game Of Thrones Theme (Armin van Buuren Remix)"
962,"Midway"," Monkey Forest"
963,"Rodg"," High On Life"
964,"Ava Mea"," In The End"
965,"Heatbeat"," Rocker Monster"
966,"Fabio XB feat. Micky Vi"," Make This Your Day (Gareth Emery Remix)"
967,"Neptune Project"," Aztec"
968,"Bogdan Vix & Claudiu Adam feat. Mona Moua"," Stay"
969,"Myon & Shane 54 feat. Labworks"," Ibiza Sunrise (Classic Dub)"
970,"Gabriel & Dresden"," Let Go"
971,"W&W"," Search For Tomorrow"
972,"Solarstone & Scott Bond"," Naked Angel"
973,"Andrew Bayer"," From The Earth (Breakfast Remix)"
974,"Inertia"," The System (Sean Tyas & Tom Colontonio Remix)"
975,"Myon & Shane 54 feat. Carrie Skipper"," Vampire (Club Mix)"
976,"Leon Bolier pres. Surpresa"," Poseidon"
977,"Max Graham"," The Evil I.D. (Mark Sherry Remix)"
978,"Ruben de Ronde & Donata"," Stand In My Way (FEEL Remix)"
979,"Sean Tyas"," Chrome"
980,"Sander van Doorn"," Koko"
981,"A Force"," Crystal Dawn (A Tribute To ’99 Remix)"
982,"ilan Bluestone & Jerome Isma-Ae"," Under My Skin"
983,"Vincent de Moor"," Flowation"
984,"Agnelli & Nelson"," Hudson Street"
985,"Simon Patterson"," Smack (WAIO Remix)"
986,"Lost Witness vs Sassot"," Whatever (Aly & Fila Remix)"
987,"Salt Tank"," Eugina (Michael Woods Remix)"
988,"Elevation"," Ocean Rain"
989,"Adam Nickey"," Never Gone (Above & Beyond Respray)"
990,"Andy Moor feat. Sue McLaren"," Fight The Fire (Stoneface & Terminal Remix)"
991,"M.I.K.E. pres. Plastic Boy"," Chocolate Infusion"
992,"Greg Downey & Bo Bruce"," These Hands I Hold (Sean Tyas Remix)"
993,"Ron van den Beuken"," Timeless (Ron van den Beuken Remix)"
994,"Omnia"," Infina"
995,"Elevven"," One Last Time"
996,"Late Night Alumni"," Empty Streets (Lumïsade Balearic Mix)"
997,"ATN"," Miss A Day"
998,"Nic Chagall"," Monday Bar"
999,"Mark Otten"," So Serene (Menno de Jong Fierce Dub)"
1000,"Robert Nickson"," Circles"
